"regions","indicators","stations","season","Unit","Date","Value"
"Oman","Maximum Temperature","Total","Summer","degree celsius","2010","41.1"
"Oman","Maximum Temperature","Total","Summer","degree celsius","2011","41.6"
"Oman","Maximum Temperature","Total","Summer","degree celsius","2012","41.6"
"Oman","Maximum Temperature","Total","Summer","degree celsius","2013","42.5"
"Oman","Maximum Temperature","Total","Summer","degree celsius","2014","44.2"
"Oman","Maximum Temperature","Total","Summer","degree celsius","2015","39.2"
"Oman","Maximum Temperature","Total","Summer","degree celsius","2016","37"
"Oman","Maximum Temperature","Total","Summer","degree celsius","2017","38.8"
"Oman","Maximum Temperature","Total","Summer","degree celsius","2018","38.7"
"Oman","Maximum Temperature","Total","Summer","degree celsius","2019","35.8"
"Oman","Maximum Temperature","Total","Summer","degree celsius","2020","28.7"
"Oman","Maximum Temperature","Total","Winter","degree celsius","2010","33"
"Oman","Maximum Temperature","Total","Winter","degree celsius","2011","32"
"Oman","Maximum Temperature","Total","Winter","degree celsius","2012","34.7"
"Oman","Maximum Temperature","Total","Winter","degree celsius","2013","34.8"
"Oman","Maximum Temperature","Total","Winter","degree celsius","2014","36.8"
"Oman","Maximum Temperature","Total","Winter","degree celsius","2015","29.8"
"Oman","Maximum Temperature","Total","Winter","degree celsius","2016","29.5"
"Oman","Maximum Temperature","Total","Winter","degree celsius","2017","29.2"
"Oman","Maximum Temperature","Total","Winter","degree celsius","2018","29.4"
"Oman","Maximum Temperature","Total","Winter","degree celsius","2019","17.6"
"Oman","Maximum Temperature","Total","Winter","degree celsius","2020","27.5"
"Oman","Maximum Temperature","Muscat International Airport","Total","degree celsius","2010","47"
"Oman","Maximum Temperature","Muscat International Airport","Total","degree celsius","2011","49"
"Oman","Maximum Temperature","Muscat International Airport","Total","degree celsius","2012","46"
"Oman","Maximum Temperature","Muscat International Airport","Total","degree celsius","2013","44"
"Oman","Maximum Temperature","Muscat International Airport","Total","degree celsius","2014","47"
"Oman","Maximum Temperature","Muscat International Airport","Total","degree celsius","2015","47"
"Oman","Maximum Temperature","Muscat International Airport","Winter","degree celsius","2010","47"
"Oman","Maximum Temperature","Muscat International Airport","Winter","degree celsius","2011","49"
"Oman","Maximum Temperature","Muscat International Airport","Winter","degree celsius","2012","46"
"Oman","Maximum Temperature","Muscat International Airport","Winter","degree celsius","2013","44"
"Oman","Maximum Temperature","Salalah","Total","degree celsius","2010","37"
"Oman","Maximum Temperature","Salalah","Total","degree celsius","2011","36"
"Oman","Maximum Temperature","Salalah","Total","degree celsius","2012","35"
"Oman","Maximum Temperature","Salalah","Total","degree celsius","2013","39"
"Oman","Maximum Temperature","Salalah","Total","degree celsius","2014","37"
"Oman","Maximum Temperature","Salalah","Total","degree celsius","2015","41"
"Oman","Maximum Temperature","Salalah","Winter","degree celsius","2010","37"
"Oman","Maximum Temperature","Salalah","Winter","degree celsius","2011","36"
"Oman","Maximum Temperature","Salalah","Winter","degree celsius","2012","35"
"Oman","Maximum Temperature","Salalah","Winter","degree celsius","2013","39"
"Oman","Maximum Temperature","Sohar Airport","Total","degree celsius","2010","45"
"Oman","Maximum Temperature","Sohar Airport","Total","degree celsius","2012","45"
"Oman","Maximum Temperature","Sohar Airport","Total","degree celsius","2013","44"
"Oman","Maximum Temperature","Sohar Airport","Total","degree celsius","2014","46"
"Oman","Maximum Temperature","Sohar Airport","Total","degree celsius","2015","50"
"Oman","Maximum Temperature","Sohar Airport","Winter","degree celsius","2010","45"
"Oman","Maximum Temperature","Sohar Airport","Winter","degree celsius","2011","0"
"Oman","Maximum Temperature","Sohar Airport","Winter","degree celsius","2012","45"
"Oman","Maximum Temperature","Sohar Airport","Winter","degree celsius","2013","44"
"Oman","Maximum Temperature","Masirah","Total","degree celsius","2010","41"
"Oman","Maximum Temperature","Masirah","Total","degree celsius","2011","43"
"Oman","Maximum Temperature","Masirah","Total","degree celsius","2012","40"
"Oman","Maximum Temperature","Masirah","Total","degree celsius","2013","42"
"Oman","Maximum Temperature","Masirah","Total","degree celsius","2014","43"
"Oman","Maximum Temperature","Masirah","Total","degree celsius","2015","47"
"Oman","Maximum Temperature","Masirah","Winter","degree celsius","2010","41"
"Oman","Maximum Temperature","Masirah","Winter","degree celsius","2011","43"
"Oman","Maximum Temperature","Masirah","Winter","degree celsius","2012","40"
"Oman","Maximum Temperature","Masirah","Winter","degree celsius","2013","42"
"Oman","Maximum Temperature","Sur","Total","degree celsius","2010","46"
"Oman","Maximum Temperature","Sur","Total","degree celsius","2011","35"
"Oman","Maximum Temperature","Sur","Total","degree celsius","2012","47"
"Oman","Maximum Temperature","Sur","Total","degree celsius","2013","46"
"Oman","Maximum Temperature","Sur","Total","degree celsius","2014","48"
"Oman","Maximum Temperature","Sur","Total","degree celsius","2015","48"
"Oman","Maximum Temperature","Sur","Winter","degree celsius","2010","46"
"Oman","Maximum Temperature","Sur","Winter","degree celsius","2011","35"
"Oman","Maximum Temperature","Sur","Winter","degree celsius","2012","47"
"Oman","Maximum Temperature","Sur","Winter","degree celsius","2013","46"
"Oman","Maximum Temperature","Thamrayt","Total","degree celsius","2010","45"
"Oman","Maximum Temperature","Thamrayt","Total","degree celsius","2011","44"
"Oman","Maximum Temperature","Thamrayt","Total","degree celsius","2012","45"
"Oman","Maximum Temperature","Thamrayt","Total","degree celsius","2013","44"
"Oman","Maximum Temperature","Thamrayt","Total","degree celsius","2014","45"
"Oman","Maximum Temperature","Thamrayt","Total","degree celsius","2015","45"
"Oman","Maximum Temperature","Thamrayt","Winter","degree celsius","2010","45"
"Oman","Maximum Temperature","Thamrayt","Winter","degree celsius","2011","44"
"Oman","Maximum Temperature","Thamrayt","Winter","degree celsius","2012","45"
"Oman","Maximum Temperature","Thamrayt","Winter","degree celsius","2013","44"
"Oman","Maximum Temperature","Khasab Airport","Total","degree celsius","2010","49"
"Oman","Maximum Temperature","Khasab Airport","Total","degree celsius","2011","50"
"Oman","Maximum Temperature","Khasab Airport","Total","degree celsius","2012","49"
"Oman","Maximum Temperature","Khasab Airport","Total","degree celsius","2013","49"
"Oman","Maximum Temperature","Khasab Airport","Total","degree celsius","2014","47"
"Oman","Maximum Temperature","Khasab Airport","Total","degree celsius","2015","49"
"Oman","Maximum Temperature","Khasab Airport","Winter","degree celsius","2010","49"
"Oman","Maximum Temperature","Khasab Airport","Winter","degree celsius","2011","50"
"Oman","Maximum Temperature","Khasab Airport","Winter","degree celsius","2012","49"
"Oman","Maximum Temperature","Khasab Airport","Winter","degree celsius","2013","49"
"Oman","Maximum Temperature","Saiq","Total","degree celsius","2010","34"
"Oman","Maximum Temperature","Saiq","Total","degree celsius","2011","34"
"Oman","Maximum Temperature","Saiq","Total","degree celsius","2012","34"
"Oman","Maximum Temperature","Saiq","Total","degree celsius","2013","35"
"Oman","Maximum Temperature","Saiq","Total","degree celsius","2014","33"
"Oman","Maximum Temperature","Saiq","Total","degree celsius","2015","35"
"Oman","Maximum Temperature","Saiq","Winter","degree celsius","2010","34"
"Oman","Maximum Temperature","Saiq","Winter","degree celsius","2011","34"
"Oman","Maximum Temperature","Saiq","Winter","degree celsius","2012","34"
"Oman","Maximum Temperature","Saiq","Winter","degree celsius","2013","35"
"Oman","Maximum Temperature","Al-Buraymi","Total","degree celsius","2010","48"
"Oman","Maximum Temperature","Al-Buraymi","Total","degree celsius","2011","48"
"Oman","Maximum Temperature","Al-Buraymi","Total","degree celsius","2012","48"
"Oman","Maximum Temperature","Al-Buraymi","Total","degree celsius","2013","47"
"Oman","Maximum Temperature","Al-Buraymi","Total","degree celsius","2014","48"
"Oman","Maximum Temperature","Al-Buraymi","Total","degree celsius","2015","47"
"Oman","Maximum Temperature","Al-Buraymi","Winter","degree celsius","2010","48"
"Oman","Maximum Temperature","Al-Buraymi","Winter","degree celsius","2011","48"
"Oman","Maximum Temperature","Al-Buraymi","Winter","degree celsius","2012","48"
"Oman","Maximum Temperature","Al-Buraymi","Winter","degree celsius","2013","47"
"Oman","Maximum Temperature","Diba","Total","degree celsius","2010","47"
"Oman","Maximum Temperature","Diba","Total","degree celsius","2011","49"
"Oman","Maximum Temperature","Diba","Total","degree celsius","2012","47"
"Oman","Maximum Temperature","Diba","Total","degree celsius","2013","44"
"Oman","Maximum Temperature","Diba","Total","degree celsius","2014","48"
"Oman","Maximum Temperature","Diba","Total","degree celsius","2015","48"
"Oman","Maximum Temperature","Diba","Winter","degree celsius","2010","47"
"Oman","Maximum Temperature","Diba","Winter","degree celsius","2011","49"
"Oman","Maximum Temperature","Diba","Winter","degree celsius","2012","47"
"Oman","Maximum Temperature","Diba","Winter","degree celsius","2013","44"
"Oman","Maximum Temperature","Rustaq","Total","degree celsius","2010","47"
"Oman","Maximum Temperature","Rustaq","Total","degree celsius","2011","48"
"Oman","Maximum Temperature","Rustaq","Total","degree celsius","2012","47"
"Oman","Maximum Temperature","Rustaq","Total","degree celsius","2013","44"
"Oman","Maximum Temperature","Rustaq","Total","degree celsius","2014","47"
"Oman","Maximum Temperature","Rustaq","Total","degree celsius","2015","48"
"Oman","Maximum Temperature","Rustaq","Winter","degree celsius","2010","47"
"Oman","Maximum Temperature","Rustaq","Winter","degree celsius","2011","48"
"Oman","Maximum Temperature","Rustaq","Winter","degree celsius","2012","47"
"Oman","Maximum Temperature","Rustaq","Winter","degree celsius","2013","44"
"Oman","Maximum Temperature","Nizwa","Total","degree celsius","2010","48"
"Oman","Maximum Temperature","Nizwa","Total","degree celsius","2011","48"
"Oman","Maximum Temperature","Nizwa","Total","degree celsius","2012","48"
"Oman","Maximum Temperature","Nizwa","Total","degree celsius","2013","49"
"Oman","Maximum Temperature","Nizwa","Total","degree celsius","2014","48"
"Oman","Maximum Temperature","Nizwa","Total","degree celsius","2015","48"
"Oman","Maximum Temperature","Nizwa","Winter","degree celsius","2010","48"
"Oman","Maximum Temperature","Nizwa","Winter","degree celsius","2011","48"
"Oman","Maximum Temperature","Nizwa","Winter","degree celsius","2012","48"
"Oman","Maximum Temperature","Nizwa","Winter","degree celsius","2013","49"
"Oman","Maximum Temperature","Samail","Total","degree celsius","2010","46"
"Oman","Maximum Temperature","Samail","Total","degree celsius","2011","47"
"Oman","Maximum Temperature","Samail","Total","degree celsius","2012","47"
"Oman","Maximum Temperature","Samail","Total","degree celsius","2013","45"
"Oman","Maximum Temperature","Samail","Total","degree celsius","2014","47"
"Oman","Maximum Temperature","Samail","Total","degree celsius","2015","47"
"Oman","Maximum Temperature","Samail","Winter","degree celsius","2010","46"
"Oman","Maximum Temperature","Samail","Winter","degree celsius","2011","47"
"Oman","Maximum Temperature","Samail","Winter","degree celsius","2012","47"
"Oman","Maximum Temperature","Samail","Winter","degree celsius","2013","45"
"Oman","Maximum Temperature","Ibri","Total","degree celsius","2010","49"
"Oman","Maximum Temperature","Ibri","Total","degree celsius","2011","49"
"Oman","Maximum Temperature","Ibri","Total","degree celsius","2013","48"
"Oman","Maximum Temperature","Ibri","Total","degree celsius","2014","49"
"Oman","Maximum Temperature","Ibri","Total","degree celsius","2015","48"
"Oman","Maximum Temperature","Ibri","Winter","degree celsius","2010","49"
"Oman","Maximum Temperature","Ibri","Winter","degree celsius","2011","49"
"Oman","Maximum Temperature","Ibri","Winter","degree celsius","2012","0"
"Oman","Maximum Temperature","Ibri","Winter","degree celsius","2013","48"
"Oman","Maximum Temperature","Buhla","Total","degree celsius","2010","47"
"Oman","Maximum Temperature","Buhla","Total","degree celsius","2011","46"
"Oman","Maximum Temperature","Buhla","Total","degree celsius","2012","46"
"Oman","Maximum Temperature","Buhla","Total","degree celsius","2013","46"
"Oman","Maximum Temperature","Buhla","Total","degree celsius","2014","47"
"Oman","Maximum Temperature","Buhla","Total","degree celsius","2015","47"
"Oman","Maximum Temperature","Buhla","Winter","degree celsius","2010","47"
"Oman","Maximum Temperature","Buhla","Winter","degree celsius","2011","46"
"Oman","Maximum Temperature","Buhla","Winter","degree celsius","2012","46"
"Oman","Maximum Temperature","Buhla","Winter","degree celsius","2013","46"
"Oman","Maximum Temperature","Adam","Total","degree celsius","2010","49"
"Oman","Maximum Temperature","Adam","Total","degree celsius","2011","48"
"Oman","Maximum Temperature","Adam","Total","degree celsius","2012","49"
"Oman","Maximum Temperature","Adam","Total","degree celsius","2013","50"
"Oman","Maximum Temperature","Adam","Total","degree celsius","2014","48"
"Oman","Maximum Temperature","Adam","Total","degree celsius","2015","48"
"Oman","Maximum Temperature","Adam","Winter","degree celsius","2010","49"
"Oman","Maximum Temperature","Adam","Winter","degree celsius","2011","48"
"Oman","Maximum Temperature","Adam","Winter","degree celsius","2012","49"
"Oman","Maximum Temperature","Adam","Winter","degree celsius","2013","50"
"Oman","Maximum Temperature","Ibra","Total","degree celsius","2010","47"
"Oman","Maximum Temperature","Ibra","Total","degree celsius","2011","47"
"Oman","Maximum Temperature","Ibra","Total","degree celsius","2012","47"
"Oman","Maximum Temperature","Ibra","Total","degree celsius","2013","47"
"Oman","Maximum Temperature","Ibra","Total","degree celsius","2014","47"
"Oman","Maximum Temperature","Ibra","Total","degree celsius","2015","47"
"Oman","Maximum Temperature","Ibra","Winter","degree celsius","2010","47"
"Oman","Maximum Temperature","Ibra","Winter","degree celsius","2011","47"
"Oman","Maximum Temperature","Ibra","Winter","degree celsius","2012","47"
"Oman","Maximum Temperature","Ibra","Winter","degree celsius","2013","47"
"Oman","Maximum Temperature","JabalShams","Total","degree celsius","2010","29"
"Oman","Maximum Temperature","JabalShams","Total","degree celsius","2011","26"
"Oman","Maximum Temperature","JabalShams","Total","degree celsius","2012","26"
"Oman","Maximum Temperature","JabalShams","Total","degree celsius","2013","25"
"Oman","Maximum Temperature","JabalShams","Total","degree celsius","2014","25"
"Oman","Maximum Temperature","JabalShams","Total","degree celsius","2015","26"
"Oman","Maximum Temperature","JabalShams","Winter","degree celsius","2010","29"
"Oman","Maximum Temperature","JabalShams","Winter","degree celsius","2011","26"
"Oman","Maximum Temperature","JabalShams","Winter","degree celsius","2012","26"
"Oman","Maximum Temperature","JabalShams","Winter","degree celsius","2013","25"
"Oman","Maximum Temperature","Joba","Total","degree celsius","2010","47"
"Oman","Maximum Temperature","Joba","Total","degree celsius","2011","49"
"Oman","Maximum Temperature","Joba","Total","degree celsius","2012","54"
"Oman","Maximum Temperature","Joba","Total","degree celsius","2013","49"
"Oman","Maximum Temperature","Joba","Total","degree celsius","2014","48"
"Oman","Maximum Temperature","Joba","Winter","degree celsius","2010","47"
"Oman","Maximum Temperature","Joba","Winter","degree celsius","2011","49"
"Oman","Maximum Temperature","Joba","Winter","degree celsius","2012","54"
"Oman","Maximum Temperature","Joba","Winter","degree celsius","2013","49"
"Oman","Maximum Temperature","Duqum","Total","degree celsius","2010","46"
"Oman","Maximum Temperature","Duqum","Total","degree celsius","2011","46"
"Oman","Maximum Temperature","Duqum","Total","degree celsius","2012","46"
"Oman","Maximum Temperature","Duqum","Total","degree celsius","2013","45"
"Oman","Maximum Temperature","Duqum","Total","degree celsius","2014","45"
"Oman","Maximum Temperature","Duqum","Total","degree celsius","2015","46"
"Oman","Maximum Temperature","Duqum","Winter","degree celsius","2010","46"
"Oman","Maximum Temperature","Duqum","Winter","degree celsius","2011","46"
"Oman","Maximum Temperature","Duqum","Winter","degree celsius","2012","46"
"Oman","Maximum Temperature","Duqum","Winter","degree celsius","2013","45"
"Oman","Maximum Temperature","RasAlHaad","Total","degree celsius","2010","45"
"Oman","Maximum Temperature","RasAlHaad","Total","degree celsius","2011","46"
"Oman","Maximum Temperature","RasAlHaad","Total","degree celsius","2012","43"
"Oman","Maximum Temperature","RasAlHaad","Total","degree celsius","2013","44"
"Oman","Maximum Temperature","RasAlHaad","Total","degree celsius","2014","44"
"Oman","Maximum Temperature","RasAlHaad","Winter","degree celsius","2010","45"
"Oman","Maximum Temperature","RasAlHaad","Winter","degree celsius","2011","46"
"Oman","Maximum Temperature","RasAlHaad","Winter","degree celsius","2012","43"
"Oman","Maximum Temperature","RasAlHaad","Winter","degree celsius","2013","44"
"Oman","Maximum Temperature","Mina Sultan Qaboos","Total","degree celsius","2010","42"
"Oman","Maximum Temperature","Mina Sultan Qaboos","Total","degree celsius","2011","46"
"Oman","Maximum Temperature","Mina Sultan Qaboos","Total","degree celsius","2012","41"
"Oman","Maximum Temperature","Mina Sultan Qaboos","Total","degree celsius","2013","41"
"Oman","Maximum Temperature","Mina Sultan Qaboos","Total","degree celsius","2014","45"
"Oman","Maximum Temperature","Mina Sultan Qaboos","Total","degree celsius","2015","46"
"Oman","Maximum Temperature","Mina Sultan Qaboos","Winter","degree celsius","2010","42"
"Oman","Maximum Temperature","Mina Sultan Qaboos","Winter","degree celsius","2011","46"
"Oman","Maximum Temperature","Mina Sultan Qaboos","Winter","degree celsius","2012","41"
"Oman","Maximum Temperature","Mina Sultan Qaboos","Winter","degree celsius","2013","41"
"Oman","Maximum Temperature","Mina Salalah","Total","degree celsius","2010","35"
"Oman","Maximum Temperature","Mina Salalah","Total","degree celsius","2011","36"
"Oman","Maximum Temperature","Mina Salalah","Total","degree celsius","2012","34"
"Oman","Maximum Temperature","Mina Salalah","Total","degree celsius","2013","34"
"Oman","Maximum Temperature","Mina Salalah","Total","degree celsius","2014","37"
"Oman","Maximum Temperature","Mina Salalah","Total","degree celsius","2015","35"
"Oman","Maximum Temperature","Mina Salalah","Winter","degree celsius","2010","35"
"Oman","Maximum Temperature","Mina Salalah","Winter","degree celsius","2011","36"
"Oman","Maximum Temperature","Mina Salalah","Winter","degree celsius","2012","34"
"Oman","Maximum Temperature","Mina Salalah","Winter","degree celsius","2013","34"
"Oman","Maximum Temperature","Majis","Total","degree celsius","2010","45"
"Oman","Maximum Temperature","Majis","Total","degree celsius","2011","45"
"Oman","Maximum Temperature","Majis","Total","degree celsius","2012","45"
"Oman","Maximum Temperature","Majis","Total","degree celsius","2013","44"
"Oman","Maximum Temperature","Majis","Total","degree celsius","2014","46"
"Oman","Maximum Temperature","Majis","Winter","degree celsius","2010","45"
"Oman","Maximum Temperature","Majis","Winter","degree celsius","2011","45"
"Oman","Maximum Temperature","Majis","Winter","degree celsius","2012","45"
"Oman","Maximum Temperature","Majis","Winter","degree celsius","2013","44"
"Oman","Maximum Temperature","Qairoon Hairiti","Total","degree celsius","2010","40"
"Oman","Maximum Temperature","Qairoon Hairiti","Total","degree celsius","2011","37"
"Oman","Maximum Temperature","Qairoon Hairiti","Total","degree celsius","2012","44"
"Oman","Maximum Temperature","Qairoon Hairiti","Total","degree celsius","2013","37"
"Oman","Maximum Temperature","Qairoon Hairiti","Total","degree celsius","2014","45"
"Oman","Maximum Temperature","Qairoon Hairiti","Total","degree celsius","2015","40"
"Oman","Maximum Temperature","Qairoon Hairiti","Winter","degree celsius","2010","40"
"Oman","Maximum Temperature","Qairoon Hairiti","Winter","degree celsius","2011","37"
"Oman","Maximum Temperature","Qairoon Hairiti","Winter","degree celsius","2012","44"
"Oman","Maximum Temperature","Qairoon Hairiti","Winter","degree celsius","2013","37"
"Oman","Minimum Temperature","Total","Summer","degree celsius","2010","22.7"
"Oman","Minimum Temperature","Total","Summer","degree celsius","2011","22.8"
"Oman","Minimum Temperature","Total","Summer","degree celsius","2012","20.8"
"Oman","Minimum Temperature","Total","Summer","degree celsius","2013","14.8"
"Oman","Minimum Temperature","Total","Summer","degree celsius","2014","15.5"
"Oman","Minimum Temperature","Total","Summer","degree celsius","2015","27.4"
"Oman","Minimum Temperature","Total","Summer","degree celsius","2016","26.3"
"Oman","Minimum Temperature","Total","Summer","degree celsius","2017","26.9"
"Oman","Minimum Temperature","Total","Summer","degree celsius","2018","27.4"
"Oman","Minimum Temperature","Total","Winter","degree celsius","2010","14.3"
"Oman","Minimum Temperature","Total","Winter","degree celsius","2011","13.5"
"Oman","Minimum Temperature","Total","Winter","degree celsius","2012","12.5"
"Oman","Minimum Temperature","Total","Winter","degree celsius","2013","11"
"Oman","Minimum Temperature","Total","Winter","degree celsius","2014","10"
"Oman","Minimum Temperature","Total","Winter","degree celsius","2015","18.9"
"Oman","Minimum Temperature","Total","Winter","degree celsius","2016","19"
"Oman","Minimum Temperature","Total","Winter","degree celsius","2017","19.2"
"Oman","Minimum Temperature","Total","Winter","degree celsius","2018","18.6"
"Oman","Minimum Temperature","Muscat International Airport","Total","degree celsius","2010","13"
"Oman","Minimum Temperature","Muscat International Airport","Total","degree celsius","2011","12"
"Oman","Minimum Temperature","Muscat International Airport","Total","degree celsius","2012","13"
"Oman","Minimum Temperature","Muscat International Airport","Total","degree celsius","2013","13"
"Oman","Minimum Temperature","Muscat International Airport","Total","degree celsius","2014","12"
"Oman","Minimum Temperature","Muscat International Airport","Total","degree celsius","2015","15"
"Oman","Minimum Temperature","Muscat International Airport","Winter","degree celsius","2010","13"
"Oman","Minimum Temperature","Muscat International Airport","Winter","degree celsius","2011","12"
"Oman","Minimum Temperature","Muscat International Airport","Winter","degree celsius","2012","13"
"Oman","Minimum Temperature","Muscat International Airport","Winter","degree celsius","2013","13"
"Oman","Minimum Temperature","Salalah","Total","degree celsius","2010","15"
"Oman","Minimum Temperature","Salalah","Total","degree celsius","2011","16"
"Oman","Minimum Temperature","Salalah","Total","degree celsius","2012","16"
"Oman","Minimum Temperature","Salalah","Total","degree celsius","2013","15"
"Oman","Minimum Temperature","Salalah","Total","degree celsius","2014","16"
"Oman","Minimum Temperature","Salalah","Total","degree celsius","2015","16"
"Oman","Minimum Temperature","Salalah","Winter","degree celsius","2010","15"
"Oman","Minimum Temperature","Salalah","Winter","degree celsius","2011","16"
"Oman","Minimum Temperature","Salalah","Winter","degree celsius","2012","16"
"Oman","Minimum Temperature","Salalah","Winter","degree celsius","2013","15"
"Oman","Minimum Temperature","Sohar Airport","Total","degree celsius","2010","13"
"Oman","Minimum Temperature","Sohar Airport","Total","degree celsius","2012","12"
"Oman","Minimum Temperature","Sohar Airport","Total","degree celsius","2013","1"
"Oman","Minimum Temperature","Sohar Airport","Total","degree celsius","2014","13"
"Oman","Minimum Temperature","Sohar Airport","Total","degree celsius","2015","13"
"Oman","Minimum Temperature","Sohar Airport","Winter","degree celsius","2010","13"
"Oman","Minimum Temperature","Sohar Airport","Winter","degree celsius","2011","0"
"Oman","Minimum Temperature","Sohar Airport","Winter","degree celsius","2012","12"
"Oman","Minimum Temperature","Sohar Airport","Winter","degree celsius","2013","1"
"Oman","Minimum Temperature","Masirah","Total","degree celsius","2010","17"
"Oman","Minimum Temperature","Masirah","Total","degree celsius","2011","16"
"Oman","Minimum Temperature","Masirah","Total","degree celsius","2012","17"
"Oman","Minimum Temperature","Masirah","Total","degree celsius","2013","15"
"Oman","Minimum Temperature","Masirah","Total","degree celsius","2014","16"
"Oman","Minimum Temperature","Masirah","Total","degree celsius","2015","14"
"Oman","Minimum Temperature","Masirah","Winter","degree celsius","2010","17"
"Oman","Minimum Temperature","Masirah","Winter","degree celsius","2011","16"
"Oman","Minimum Temperature","Masirah","Winter","degree celsius","2012","17"
"Oman","Minimum Temperature","Masirah","Winter","degree celsius","2013","15"
"Oman","Minimum Temperature","Sur","Total","degree celsius","2010","13"
"Oman","Minimum Temperature","Sur","Total","degree celsius","2011","14"
"Oman","Minimum Temperature","Sur","Total","degree celsius","2012","14"
"Oman","Minimum Temperature","Sur","Total","degree celsius","2013","13"
"Oman","Minimum Temperature","Sur","Total","degree celsius","2014","12"
"Oman","Minimum Temperature","Sur","Total","degree celsius","2015","15"
"Oman","Minimum Temperature","Sur","Winter","degree celsius","2010","13"
"Oman","Minimum Temperature","Sur","Winter","degree celsius","2011","14"
"Oman","Minimum Temperature","Sur","Winter","degree celsius","2012","14"
"Oman","Minimum Temperature","Sur","Winter","degree celsius","2013","13"
"Oman","Minimum Temperature","Thamrayt","Total","degree celsius","2010","7"
"Oman","Minimum Temperature","Thamrayt","Total","degree celsius","2011","8"
"Oman","Minimum Temperature","Thamrayt","Total","degree celsius","2012","5"
"Oman","Minimum Temperature","Thamrayt","Total","degree celsius","2013","7"
"Oman","Minimum Temperature","Thamrayt","Total","degree celsius","2014","8"
"Oman","Minimum Temperature","Thamrayt","Total","degree celsius","2015","4"
"Oman","Minimum Temperature","Thamrayt","Winter","degree celsius","2010","7"
"Oman","Minimum Temperature","Thamrayt","Winter","degree celsius","2011","8"
"Oman","Minimum Temperature","Thamrayt","Winter","degree celsius","2012","5"
"Oman","Minimum Temperature","Thamrayt","Winter","degree celsius","2013","7"
"Oman","Minimum Temperature","Khasab Airport","Total","degree celsius","2010","14"
"Oman","Minimum Temperature","Khasab Airport","Total","degree celsius","2011","14"
"Oman","Minimum Temperature","Khasab Airport","Total","degree celsius","2012","14"
"Oman","Minimum Temperature","Khasab Airport","Total","degree celsius","2013","13"
"Oman","Minimum Temperature","Khasab Airport","Total","degree celsius","2014","12"
"Oman","Minimum Temperature","Khasab Airport","Total","degree celsius","2015","13"
"Oman","Minimum Temperature","Khasab Airport","Winter","degree celsius","2010","14"
"Oman","Minimum Temperature","Khasab Airport","Winter","degree celsius","2011","14"
"Oman","Minimum Temperature","Khasab Airport","Winter","degree celsius","2012","14"
"Oman","Minimum Temperature","Khasab Airport","Winter","degree celsius","2013","13"
"Oman","Minimum Temperature","Saiq","Total","degree celsius","2010","2"
"Oman","Minimum Temperature","Saiq","Total","degree celsius","2011","1"
"Oman","Minimum Temperature","Saiq","Total","degree celsius","2012","-1"
"Oman","Minimum Temperature","Saiq","Total","degree celsius","2013","-1"
"Oman","Minimum Temperature","Saiq","Total","degree celsius","2014","0"
"Oman","Minimum Temperature","Saiq","Total","degree celsius","2015","-1"
"Oman","Minimum Temperature","Saiq","Winter","degree celsius","2010","2"
"Oman","Minimum Temperature","Saiq","Winter","degree celsius","2011","1"
"Oman","Minimum Temperature","Saiq","Winter","degree celsius","2012","-1"
"Oman","Minimum Temperature","Saiq","Winter","degree celsius","2013","-1"
"Oman","Minimum Temperature","Al-Buraymi","Total","degree celsius","2010","7"
"Oman","Minimum Temperature","Al-Buraymi","Total","degree celsius","2011","4"
"Oman","Minimum Temperature","Al-Buraymi","Total","degree celsius","2012","10"
"Oman","Minimum Temperature","Al-Buraymi","Total","degree celsius","2013","6"
"Oman","Minimum Temperature","Al-Buraymi","Total","degree celsius","2014","9"
"Oman","Minimum Temperature","Al-Buraymi","Total","degree celsius","2015","11"
"Oman","Minimum Temperature","Al-Buraymi","Winter","degree celsius","2010","7"
"Oman","Minimum Temperature","Al-Buraymi","Winter","degree celsius","2011","4"
"Oman","Minimum Temperature","Al-Buraymi","Winter","degree celsius","2012","10"
"Oman","Minimum Temperature","Al-Buraymi","Winter","degree celsius","2013","6"
"Oman","Minimum Temperature","Diba","Total","degree celsius","2010","7"
"Oman","Minimum Temperature","Diba","Total","degree celsius","2011","10"
"Oman","Minimum Temperature","Diba","Total","degree celsius","2012","9"
"Oman","Minimum Temperature","Diba","Total","degree celsius","2013","8"
"Oman","Minimum Temperature","Diba","Total","degree celsius","2014","10"
"Oman","Minimum Temperature","Diba","Total","degree celsius","2015","10"
"Oman","Minimum Temperature","Diba","Winter","degree celsius","2010","7"
"Oman","Minimum Temperature","Diba","Winter","degree celsius","2011","10"
"Oman","Minimum Temperature","Diba","Winter","degree celsius","2012","9"
"Oman","Minimum Temperature","Diba","Winter","degree celsius","2013","8"
"Oman","Minimum Temperature","Rustaq","Total","degree celsius","2010","11"
"Oman","Minimum Temperature","Rustaq","Total","degree celsius","2011","11"
"Oman","Minimum Temperature","Rustaq","Total","degree celsius","2012","10"
"Oman","Minimum Temperature","Rustaq","Total","degree celsius","2013","9"
"Oman","Minimum Temperature","Rustaq","Total","degree celsius","2014","13"
"Oman","Minimum Temperature","Rustaq","Total","degree celsius","2015","11"
"Oman","Minimum Temperature","Rustaq","Winter","degree celsius","2010","11"
"Oman","Minimum Temperature","Rustaq","Winter","degree celsius","2011","11"
"Oman","Minimum Temperature","Rustaq","Winter","degree celsius","2012","10"
"Oman","Minimum Temperature","Rustaq","Winter","degree celsius","2013","0"
"Oman","Minimum Temperature","Nizwa","Total","degree celsius","2010","6"
"Oman","Minimum Temperature","Nizwa","Total","degree celsius","2011","7"
"Oman","Minimum Temperature","Nizwa","Total","degree celsius","2012","7"
"Oman","Minimum Temperature","Nizwa","Total","degree celsius","2013","7"
"Oman","Minimum Temperature","Nizwa","Total","degree celsius","2014","8"
"Oman","Minimum Temperature","Nizwa","Total","degree celsius","2015","8"
"Oman","Minimum Temperature","Nizwa","Winter","degree celsius","2010","6"
"Oman","Minimum Temperature","Nizwa","Winter","degree celsius","2011","7"
"Oman","Minimum Temperature","Nizwa","Winter","degree celsius","2012","7"
"Oman","Minimum Temperature","Nizwa","Winter","degree celsius","2013","7"
"Oman","Minimum Temperature","Samail","Total","degree celsius","2010","8"
"Oman","Minimum Temperature","Samail","Total","degree celsius","2011","9"
"Oman","Minimum Temperature","Samail","Total","degree celsius","2012","10"
"Oman","Minimum Temperature","Samail","Total","degree celsius","2013","8"
"Oman","Minimum Temperature","Samail","Total","degree celsius","2014","9"
"Oman","Minimum Temperature","Samail","Total","degree celsius","2015","10"
"Oman","Minimum Temperature","Samail","Winter","degree celsius","2010","8"
"Oman","Minimum Temperature","Samail","Winter","degree celsius","2011","9"
"Oman","Minimum Temperature","Samail","Winter","degree celsius","2012","10"
"Oman","Minimum Temperature","Samail","Winter","degree celsius","2013","8"
"Oman","Minimum Temperature","Ibri","Total","degree celsius","2010","9"
"Oman","Minimum Temperature","Ibri","Total","degree celsius","2011","8"
"Oman","Minimum Temperature","Ibri","Total","degree celsius","2013","9"
"Oman","Minimum Temperature","Ibri","Total","degree celsius","2014","11"
"Oman","Minimum Temperature","Ibri","Total","degree celsius","2015","7"
"Oman","Minimum Temperature","Ibri","Winter","degree celsius","2010","9"
"Oman","Minimum Temperature","Ibri","Winter","degree celsius","2011","8"
"Oman","Minimum Temperature","Ibri","Winter","degree celsius","2012","0"
"Oman","Minimum Temperature","Ibri","Winter","degree celsius","2013","0"
"Oman","Minimum Temperature","Buhla","Total","degree celsius","2010","7"
"Oman","Minimum Temperature","Buhla","Total","degree celsius","2011","7"
"Oman","Minimum Temperature","Buhla","Total","degree celsius","2012","7"
"Oman","Minimum Temperature","Buhla","Total","degree celsius","2013","8"
"Oman","Minimum Temperature","Buhla","Total","degree celsius","2014","0"
"Oman","Minimum Temperature","Buhla","Total","degree celsius","2015","10"
"Oman","Minimum Temperature","Buhla","Winter","degree celsius","2010","7"
"Oman","Minimum Temperature","Buhla","Winter","degree celsius","2011","7"
"Oman","Minimum Temperature","Buhla","Winter","degree celsius","2012","7"
"Oman","Minimum Temperature","Buhla","Winter","degree celsius","2013","0"
"Oman","Minimum Temperature","Adam","Total","degree celsius","2010","8"
"Oman","Minimum Temperature","Adam","Total","degree celsius","2011","8"
"Oman","Minimum Temperature","Adam","Total","degree celsius","2012","8"
"Oman","Minimum Temperature","Adam","Total","degree celsius","2013","8"
"Oman","Minimum Temperature","Adam","Total","degree celsius","2014","9"
"Oman","Minimum Temperature","Adam","Total","degree celsius","2015","9"
"Oman","Minimum Temperature","Adam","Winter","degree celsius","2010","8"
"Oman","Minimum Temperature","Adam","Winter","degree celsius","2011","8"
"Oman","Minimum Temperature","Adam","Winter","degree celsius","2012","8"
"Oman","Minimum Temperature","Adam","Winter","degree celsius","2013","8"
"Oman","Minimum Temperature","Ibra","Total","degree celsius","2010","8"
"Oman","Minimum Temperature","Ibra","Total","degree celsius","2011","8"
"Oman","Minimum Temperature","Ibra","Total","degree celsius","2012","9"
"Oman","Minimum Temperature","Ibra","Total","degree celsius","2013","5"
"Oman","Minimum Temperature","Ibra","Total","degree celsius","2014","8"
"Oman","Minimum Temperature","Ibra","Total","degree celsius","2015","10"
"Oman","Minimum Temperature","Ibra","Winter","degree celsius","2010","8"
"Oman","Minimum Temperature","Ibra","Winter","degree celsius","2011","8"
"Oman","Minimum Temperature","Ibra","Winter","degree celsius","2012","9"
"Oman","Minimum Temperature","Ibra","Winter","degree celsius","2013","0"
"Oman","Minimum Temperature","JabalShams","Total","degree celsius","2010","-6"
"Oman","Minimum Temperature","JabalShams","Total","degree celsius","2011","-2"
"Oman","Minimum Temperature","JabalShams","Total","degree celsius","2012","-6"
"Oman","Minimum Temperature","JabalShams","Total","degree celsius","2013","-7"
"Oman","Minimum Temperature","JabalShams","Total","degree celsius","2014","-7"
"Oman","Minimum Temperature","JabalShams","Total","degree celsius","2015","-10"
"Oman","Minimum Temperature","JabalShams","Winter","degree celsius","2010","-6"
"Oman","Minimum Temperature","JabalShams","Winter","degree celsius","2011","-2"
"Oman","Minimum Temperature","JabalShams","Winter","degree celsius","2012","-6"
"Oman","Minimum Temperature","JabalShams","Winter","degree celsius","2013","-7"
"Oman","Minimum Temperature","Joba","Total","degree celsius","2010","8"
"Oman","Minimum Temperature","Joba","Total","degree celsius","2011","7"
"Oman","Minimum Temperature","Joba","Total","degree celsius","2012","8"
"Oman","Minimum Temperature","Joba","Total","degree celsius","2013","8"
"Oman","Minimum Temperature","Joba","Total","degree celsius","2014","11"
"Oman","Minimum Temperature","Joba","Winter","degree celsius","2010","8"
"Oman","Minimum Temperature","Joba","Winter","degree celsius","2011","7"
"Oman","Minimum Temperature","Joba","Winter","degree celsius","2012","8"
"Oman","Minimum Temperature","Joba","Winter","degree celsius","2013","0"
"Oman","Minimum Temperature","Duqum","Total","degree celsius","2010","11"
"Oman","Minimum Temperature","Duqum","Total","degree celsius","2011","11"
"Oman","Minimum Temperature","Duqum","Total","degree celsius","2012","13"
"Oman","Minimum Temperature","Duqum","Total","degree celsius","2013","0"
"Oman","Minimum Temperature","Duqum","Total","degree celsius","2014","12"
"Oman","Minimum Temperature","Duqum","Total","degree celsius","2015","9"
"Oman","Minimum Temperature","Duqum","Winter","degree celsius","2010","11"
"Oman","Minimum Temperature","Duqum","Winter","degree celsius","2011","11"
"Oman","Minimum Temperature","Duqum","Winter","degree celsius","2012","13"
"Oman","Minimum Temperature","Duqum","Winter","degree celsius","2013","0"
"Oman","Minimum Temperature","RasAlHaad","Total","degree celsius","2010","15"
"Oman","Minimum Temperature","RasAlHaad","Total","degree celsius","2011","14"
"Oman","Minimum Temperature","RasAlHaad","Total","degree celsius","2012","14"
"Oman","Minimum Temperature","RasAlHaad","Total","degree celsius","2013","14"
"Oman","Minimum Temperature","RasAlHaad","Total","degree celsius","2014","14"
"Oman","Minimum Temperature","RasAlHaad","Winter","degree celsius","2010","15"
"Oman","Minimum Temperature","RasAlHaad","Winter","degree celsius","2011","14"
"Oman","Minimum Temperature","RasAlHaad","Winter","degree celsius","2012","14"
"Oman","Minimum Temperature","RasAlHaad","Winter","degree celsius","2013","14"
"Oman","Minimum Temperature","Mina Sultan Qaboos","Total","degree celsius","2010","18"
"Oman","Minimum Temperature","Mina Sultan Qaboos","Total","degree celsius","2011","19"
"Oman","Minimum Temperature","Mina Sultan Qaboos","Total","degree celsius","2012","17"
"Oman","Minimum Temperature","Mina Sultan Qaboos","Total","degree celsius","2013","17"
"Oman","Minimum Temperature","Mina Sultan Qaboos","Total","degree celsius","2014","15"
"Oman","Minimum Temperature","Mina Sultan Qaboos","Total","degree celsius","2015","17"
"Oman","Minimum Temperature","Mina Sultan Qaboos","Winter","degree celsius","2010","18"
"Oman","Minimum Temperature","Mina Sultan Qaboos","Winter","degree celsius","2011","19"
"Oman","Minimum Temperature","Mina Sultan Qaboos","Winter","degree celsius","2012","17"
"Oman","Minimum Temperature","Mina Sultan Qaboos","Winter","degree celsius","2013","17"
"Oman","Minimum Temperature","Mina Salalah","Total","degree celsius","2010","18"
"Oman","Minimum Temperature","Mina Salalah","Total","degree celsius","2011","16"
"Oman","Minimum Temperature","Mina Salalah","Total","degree celsius","2012","16"
"Oman","Minimum Temperature","Mina Salalah","Total","degree celsius","2013","16"
"Oman","Minimum Temperature","Mina Salalah","Total","degree celsius","2014","16"
"Oman","Minimum Temperature","Mina Salalah","Total","degree celsius","2015","17"
"Oman","Minimum Temperature","Mina Salalah","Winter","degree celsius","2010","18"
"Oman","Minimum Temperature","Mina Salalah","Winter","degree celsius","2011","16"
"Oman","Minimum Temperature","Mina Salalah","Winter","degree celsius","2012","16"
"Oman","Minimum Temperature","Mina Salalah","Winter","degree celsius","2013","16"
"Oman","Minimum Temperature","Majis","Total","degree celsius","2010","13"
"Oman","Minimum Temperature","Majis","Total","degree celsius","2011","12"
"Oman","Minimum Temperature","Majis","Total","degree celsius","2012","12"
"Oman","Minimum Temperature","Majis","Total","degree celsius","2013","1"
"Oman","Minimum Temperature","Majis","Total","degree celsius","2014","13"
"Oman","Minimum Temperature","Majis","Winter","degree celsius","2010","13"
"Oman","Minimum Temperature","Majis","Winter","degree celsius","2011","12"
"Oman","Minimum Temperature","Majis","Winter","degree celsius","2012","12"
"Oman","Minimum Temperature","Majis","Winter","degree celsius","2013","1"
"Oman","Minimum Temperature","Qairoon Hairiti","Total","degree celsius","2010","8"
"Oman","Minimum Temperature","Qairoon Hairiti","Total","degree celsius","2011","10"
"Oman","Minimum Temperature","Qairoon Hairiti","Total","degree celsius","2012","7"
"Oman","Minimum Temperature","Qairoon Hairiti","Total","degree celsius","2013","7"
"Oman","Minimum Temperature","Qairoon Hairiti","Total","degree celsius","2014","8"
"Oman","Minimum Temperature","Qairoon Hairiti","Total","degree celsius","2015","8"
"Oman","Minimum Temperature","Qairoon Hairiti","Winter","degree celsius","2010","8"
"Oman","Minimum Temperature","Qairoon Hairiti","Winter","degree celsius","2011","10"
"Oman","Minimum Temperature","Qairoon Hairiti","Winter","degree celsius","2012","7"
"Oman","Minimum Temperature","Qairoon Hairiti","Winter","degree celsius","2013","7"
"Oman","Average Temperature","Total","Total","degree celsius","2010","27.1"
"Oman","Average Temperature","Total","Total","degree celsius","2011","27.2"
"Oman","Average Temperature","Total","Total","degree celsius","2012","27.1"
"Oman","Average Temperature","Total","Total","degree celsius","2013","28.2"
"Oman","Average Temperature","Total","Total","degree celsius","2014","27.7"
"Oman","Average Temperature","Total","Total","degree celsius","2015","28.7"
"Oman","Average Temperature","Total","Total","degree celsius","2016","27.8"
"Oman","Average Temperature","Total","Total","degree celsius","2017","28.4"
"Oman","Average Temperature","Total","Total","degree celsius","2018","27.4"
"Oman","Average Temperature","Total","Total","degree celsius","2019","35.8"
"Oman","Average Temperature","Total","Total","degree celsius","2020","28.7"
"Oman","Maximum Average Temperature","Total","Total","degree celsius","2010","32.3"
"Oman","Maximum Average Temperature","Total","Total","degree celsius","2011","32.3"
"Oman","Maximum Average Temperature","Total","Total","degree celsius","2012","31"
"Oman","Maximum Average Temperature","Total","Total","degree celsius","2013","31.4"
"Oman","Maximum Average Temperature","Total","Total","degree celsius","2014","31.7"
"Oman","Maximum Average Temperature","Total","Total","degree celsius","2015","31.4"
"Oman","Maximum Average Temperature","Total","Total","degree celsius","2016","31.2"
"Oman","Maximum Average Temperature","Total","Total","degree celsius","2017","33.6"
"Oman","Maximum Average Temperature","Total","Total","degree celsius","2018","37.8"
"Oman","Maximum Average Temperature","Total","Total","degree celsius","2019","35.8"
"Oman","Minimum Average Temperature","Total","Total","degree celsius","2010","21.8"
"Oman","Minimum Average Temperature","Total","Total","degree celsius","2011","22"
"Oman","Minimum Average Temperature","Total","Total","degree celsius","2012","21.8"
"Oman","Minimum Average Temperature","Total","Total","degree celsius","2013","21.9"
"Oman","Minimum Average Temperature","Total","Total","degree celsius","2014","22.3"
"Oman","Minimum Average Temperature","Total","Total","degree celsius","2015","22.8"
"Oman","Minimum Average Temperature","Total","Total","degree celsius","2016","22.6"
"Oman","Minimum Average Temperature","Total","Total","degree celsius","2017","23.1"
"Oman","Minimum Average Temperature","Total","Total","degree celsius","2018","18.5"
"Oman","Minimum Average Temperature","Total","Total","degree celsius","2019","17.6"
"Oman","Maximum Humidity","Muscat International Airport","Total","%","2010","98"
"Oman","Maximum Humidity","Muscat International Airport","Total","%","2011","99"
"Oman","Maximum Humidity","Muscat International Airport","Total","%","2012","96"
"Oman","Maximum Humidity","Muscat International Airport","Total","%","2013","96"
"Oman","Maximum Humidity","Muscat International Airport","Total","%","2014","96"
"Oman","Maximum Humidity","Muscat International Airport","Total","%","2015","100"
"Oman","Maximum Humidity","Salalah","Total","%","2010","93"
"Oman","Maximum Humidity","Salalah","Total","%","2011","94"
"Oman","Maximum Humidity","Salalah","Total","%","2012","94"
"Oman","Maximum Humidity","Salalah","Total","%","2013","93"
"Oman","Maximum Humidity","Salalah","Total","%","2014","95"
"Oman","Maximum Humidity","Salalah","Total","%","2015","98"
"Oman","Maximum Humidity","Sohar Airport","Total","%","2010","95"
"Oman","Maximum Humidity","Sohar Airport","Total","%","2011","0"
"Oman","Maximum Humidity","Sohar Airport","Total","%","2012","100"
"Oman","Maximum Humidity","Sohar Airport","Total","%","2013","96"
"Oman","Maximum Humidity","Sohar Airport","Total","%","2014","97"
"Oman","Maximum Humidity","Sohar Airport","Total","%","2015","100"
"Oman","Maximum Humidity","Masirah","Total","%","2010","97"
"Oman","Maximum Humidity","Masirah","Total","%","2011","98"
"Oman","Maximum Humidity","Masirah","Total","%","2012","95"
"Oman","Maximum Humidity","Masirah","Total","%","2013","98"
"Oman","Maximum Humidity","Masirah","Total","%","2014","98"
"Oman","Maximum Humidity","Masirah","Total","%","2015","100"
"Oman","Maximum Humidity","Sur","Total","%","2010","93"
"Oman","Maximum Humidity","Sur","Total","%","2011","99"
"Oman","Maximum Humidity","Sur","Total","%","2012","95"
"Oman","Maximum Humidity","Sur","Total","%","2013","95"
"Oman","Maximum Humidity","Sur","Total","%","2014","95"
"Oman","Maximum Humidity","Sur","Total","%","2015","98"
"Oman","Maximum Humidity","Thamrayt","Total","%","2010","92"
"Oman","Maximum Humidity","Thamrayt","Total","%","2011","91"
"Oman","Maximum Humidity","Thamrayt","Total","%","2012","94"
"Oman","Maximum Humidity","Thamrayt","Total","%","2013","87"
"Oman","Maximum Humidity","Thamrayt","Total","%","2014","92"
"Oman","Maximum Humidity","Thamrayt","Total","%","2015","91"
"Oman","Maximum Humidity","Khasab Airport","Total","%","2010","89"
"Oman","Maximum Humidity","Khasab Airport","Total","%","2011","86"
"Oman","Maximum Humidity","Khasab Airport","Total","%","2012","90"
"Oman","Maximum Humidity","Khasab Airport","Total","%","2013","89"
"Oman","Maximum Humidity","Khasab Airport","Total","%","2014","93"
"Oman","Maximum Humidity","Khasab Airport","Total","%","2015","93"
"Oman","Maximum Humidity","Saiq","Total","%","2010","97"
"Oman","Maximum Humidity","Saiq","Total","%","2011","100"
"Oman","Maximum Humidity","Saiq","Total","%","2012","96"
"Oman","Maximum Humidity","Saiq","Total","%","2013","98"
"Oman","Maximum Humidity","Saiq","Total","%","2014","100"
"Oman","Maximum Humidity","Saiq","Total","%","2015","99"
"Oman","Maximum Humidity","Al-Buraymi","Total","%","2010","100"
"Oman","Maximum Humidity","Al-Buraymi","Total","%","2011","97"
"Oman","Maximum Humidity","Al-Buraymi","Total","%","2012","92"
"Oman","Maximum Humidity","Al-Buraymi","Total","%","2013","97"
"Oman","Maximum Humidity","Al-Buraymi","Total","%","2014","93"
"Oman","Maximum Humidity","Al-Buraymi","Total","%","2015","97"
"Oman","Maximum Humidity","Diba","Total","%","2010","92"
"Oman","Maximum Humidity","Diba","Total","%","2011","95"
"Oman","Maximum Humidity","Diba","Total","%","2012","92"
"Oman","Maximum Humidity","Diba","Total","%","2013","89"
"Oman","Maximum Humidity","Diba","Total","%","2014","99"
"Oman","Maximum Humidity","Diba","Total","%","2015","88"
"Oman","Maximum Humidity","Rustaq","Total","%","2010","100"
"Oman","Maximum Humidity","Rustaq","Total","%","2011","100"
"Oman","Maximum Humidity","Rustaq","Total","%","2012","99"
"Oman","Maximum Humidity","Rustaq","Total","%","2013","99"
"Oman","Maximum Humidity","Rustaq","Total","%","2014","97"
"Oman","Maximum Humidity","Rustaq","Total","%","2015","96"
"Oman","Maximum Humidity","Nizwa","Total","%","2010","99"
"Oman","Maximum Humidity","Nizwa","Total","%","2011","100"
"Oman","Maximum Humidity","Nizwa","Total","%","2012","99"
"Oman","Maximum Humidity","Nizwa","Total","%","2013","100"
"Oman","Maximum Humidity","Nizwa","Total","%","2014","94"
"Oman","Maximum Humidity","Nizwa","Total","%","2015","89"
"Oman","Maximum Humidity","Samail","Total","%","2010","100"
"Oman","Maximum Humidity","Samail","Total","%","2011","100"
"Oman","Maximum Humidity","Samail","Total","%","2012","100"
"Oman","Maximum Humidity","Samail","Total","%","2013","100"
"Oman","Maximum Humidity","Samail","Total","%","2014","96"
"Oman","Maximum Humidity","Samail","Total","%","2015","98"
"Oman","Maximum Humidity","Ibri","Total","%","2010","96"
"Oman","Maximum Humidity","Ibri","Total","%","2011","99"
"Oman","Maximum Humidity","Ibri","Total","%","2013","100"
"Oman","Maximum Humidity","Ibri","Total","%","2014","100"
"Oman","Maximum Humidity","Ibri","Total","%","2015","97"
"Oman","Maximum Humidity","Buhla","Total","%","2010","94"
"Oman","Maximum Humidity","Buhla","Total","%","2011","95"
"Oman","Maximum Humidity","Buhla","Total","%","2012","93"
"Oman","Maximum Humidity","Buhla","Total","%","2013","95"
"Oman","Maximum Humidity","Buhla","Total","%","2014","99"
"Oman","Maximum Humidity","Buhla","Total","%","2015","99"
"Oman","Maximum Humidity","Adam","Total","%","2010","100"
"Oman","Maximum Humidity","Adam","Total","%","2011","100"
"Oman","Maximum Humidity","Adam","Total","%","2012","100"
"Oman","Maximum Humidity","Adam","Total","%","2013","93"
"Oman","Maximum Humidity","Adam","Total","%","2014","100"
"Oman","Maximum Humidity","Adam","Total","%","2015","100"
"Oman","Maximum Humidity","Ibra","Total","%","2010","100"
"Oman","Maximum Humidity","Ibra","Total","%","2011","100"
"Oman","Maximum Humidity","Ibra","Total","%","2012","100"
"Oman","Maximum Humidity","Ibra","Total","%","2013","100"
"Oman","Maximum Humidity","Ibra","Total","%","2014","99"
"Oman","Maximum Humidity","Ibra","Total","%","2015","100"
"Oman","Maximum Humidity","JabalShams","Total","%","2010","100"
"Oman","Maximum Humidity","JabalShams","Total","%","2011","100"
"Oman","Maximum Humidity","JabalShams","Total","%","2012","100"
"Oman","Maximum Humidity","JabalShams","Total","%","2013","98"
"Oman","Maximum Humidity","JabalShams","Total","%","2014","100"
"Oman","Maximum Humidity","JabalShams","Total","%","2015","98"
"Oman","Maximum Humidity","Joba","Total","%","2010","99"
"Oman","Maximum Humidity","Joba","Total","%","2011","100"
"Oman","Maximum Humidity","Joba","Total","%","2012","100"
"Oman","Maximum Humidity","Joba","Total","%","2013","100"
"Oman","Maximum Humidity","Joba","Total","%","2014","99"
"Oman","Maximum Humidity","Duqum","Total","%","2010","94"
"Oman","Maximum Humidity","Duqum","Total","%","2011","97"
"Oman","Maximum Humidity","Duqum","Total","%","2012","100"
"Oman","Maximum Humidity","Duqum","Total","%","2013","100"
"Oman","Maximum Humidity","Duqum","Total","%","2014","100"
"Oman","Maximum Humidity","Duqum","Total","%","2015","100"
"Oman","Maximum Humidity","RasAlHaad","Total","%","2010","100"
"Oman","Maximum Humidity","RasAlHaad","Total","%","2011","100"
"Oman","Maximum Humidity","RasAlHaad","Total","%","2012","97"
"Oman","Maximum Humidity","RasAlHaad","Total","%","2013","100"
"Oman","Maximum Humidity","RasAlHaad","Total","%","2014","100"
"Oman","Maximum Humidity","Mina Sultan Qaboos","Total","%","2010","96"
"Oman","Maximum Humidity","Mina Sultan Qaboos","Total","%","2011","93"
"Oman","Maximum Humidity","Mina Sultan Qaboos","Total","%","2012","92"
"Oman","Maximum Humidity","Mina Sultan Qaboos","Total","%","2013","97"
"Oman","Maximum Humidity","Mina Sultan Qaboos","Total","%","2014","99"
"Oman","Maximum Humidity","Mina Sultan Qaboos","Total","%","2015","98"
"Oman","Maximum Humidity","Mina Salalah","Total","%","2010","98"
"Oman","Maximum Humidity","Mina Salalah","Total","%","2011","98"
"Oman","Maximum Humidity","Mina Salalah","Total","%","2012","99"
"Oman","Maximum Humidity","Mina Salalah","Total","%","2013","100"
"Oman","Maximum Humidity","Mina Salalah","Total","%","2014","100"
"Oman","Maximum Humidity","Mina Salalah","Total","%","2015","100"
"Oman","Maximum Humidity","Majis","Total","%","2010","95"
"Oman","Maximum Humidity","Majis","Total","%","2011","95"
"Oman","Maximum Humidity","Majis","Total","%","2012","100"
"Oman","Maximum Humidity","Majis","Total","%","2013","96"
"Oman","Maximum Humidity","Majis","Total","%","2014","97"
"Oman","Maximum Humidity","Qairoon Hairiti","Total","%","2010","100"
"Oman","Maximum Humidity","Qairoon Hairiti","Total","%","2011","100"
"Oman","Maximum Humidity","Qairoon Hairiti","Total","%","2012","100"
"Oman","Maximum Humidity","Qairoon Hairiti","Total","%","2013","100"
"Oman","Maximum Humidity","Qairoon Hairiti","Total","%","2014","100"
"Oman","Maximum Humidity","Qairoon Hairiti","Total","%","2015","100"
"Oman","Minimum Humidity","Muscat International Airport","Total","%","2010","7"
"Oman","Minimum Humidity","Muscat International Airport","Total","%","2011","5"
"Oman","Minimum Humidity","Muscat International Airport","Total","%","2012","8"
"Oman","Minimum Humidity","Muscat International Airport","Total","%","2013","8"
"Oman","Minimum Humidity","Muscat International Airport","Total","%","2014","6"
"Oman","Minimum Humidity","Muscat International Airport","Total","%","2015","5"
"Oman","Minimum Humidity","Salalah","Total","%","2010","6"
"Oman","Minimum Humidity","Salalah","Total","%","2011","6"
"Oman","Minimum Humidity","Salalah","Total","%","2012","4"
"Oman","Minimum Humidity","Salalah","Total","%","2013","7"
"Oman","Minimum Humidity","Salalah","Total","%","2014","7"
"Oman","Minimum Humidity","Salalah","Total","%","2015","7"
"Oman","Minimum Humidity","Sohar Airport","Total","%","2010","8"
"Oman","Minimum Humidity","Sohar Airport","Total","%","2011","0"
"Oman","Minimum Humidity","Sohar Airport","Total","%","2012","7"
"Oman","Minimum Humidity","Sohar Airport","Total","%","2013","7"
"Oman","Minimum Humidity","Sohar Airport","Total","%","2014","6"
"Oman","Minimum Humidity","Sohar Airport","Total","%","2015","6"
"Oman","Minimum Humidity","Masirah","Total","%","2010","13"
"Oman","Minimum Humidity","Masirah","Total","%","2011","12"
"Oman","Minimum Humidity","Masirah","Total","%","2012","15"
"Oman","Minimum Humidity","Masirah","Total","%","2013","13"
"Oman","Minimum Humidity","Masirah","Total","%","2014","14"
"Oman","Minimum Humidity","Masirah","Total","%","2015","11"
"Oman","Minimum Humidity","Sur","Total","%","2010","7"
"Oman","Minimum Humidity","Sur","Total","%","2011","7"
"Oman","Minimum Humidity","Sur","Total","%","2012","9"
"Oman","Minimum Humidity","Sur","Total","%","2013","10"
"Oman","Minimum Humidity","Sur","Total","%","2014","6"
"Oman","Minimum Humidity","Sur","Total","%","2015","7"
"Oman","Minimum Humidity","Thamrayt","Total","%","2010","3"
"Oman","Minimum Humidity","Thamrayt","Total","%","2011","4"
"Oman","Minimum Humidity","Thamrayt","Total","%","2012","3"
"Oman","Minimum Humidity","Thamrayt","Total","%","2013","3"
"Oman","Minimum Humidity","Thamrayt","Total","%","2014","5"
"Oman","Minimum Humidity","Thamrayt","Total","%","2015","4"
"Oman","Minimum Humidity","Khasab Airport","Total","%","2010","5"
"Oman","Minimum Humidity","Khasab Airport","Total","%","2011","3"
"Oman","Minimum Humidity","Khasab Airport","Total","%","2012","4"
"Oman","Minimum Humidity","Khasab Airport","Total","%","2013","3"
"Oman","Minimum Humidity","Khasab Airport","Total","%","2014","4"
"Oman","Minimum Humidity","Khasab Airport","Total","%","2015","3"
"Oman","Minimum Humidity","Saiq","Total","%","2010","3"
"Oman","Minimum Humidity","Saiq","Total","%","2011","3"
"Oman","Minimum Humidity","Saiq","Total","%","2012","2"
"Oman","Minimum Humidity","Saiq","Total","%","2013","3"
"Oman","Minimum Humidity","Saiq","Total","%","2014","3"
"Oman","Minimum Humidity","Saiq","Total","%","2015","1"
"Oman","Minimum Humidity","Al-Buraymi","Total","%","2010","6"
"Oman","Minimum Humidity","Al-Buraymi","Total","%","2011","5"
"Oman","Minimum Humidity","Al-Buraymi","Total","%","2012","5"
"Oman","Minimum Humidity","Al-Buraymi","Total","%","2013","4"
"Oman","Minimum Humidity","Al-Buraymi","Total","%","2014","4"
"Oman","Minimum Humidity","Al-Buraymi","Total","%","2015","5"
"Oman","Minimum Humidity","Diba","Total","%","2010","7"
"Oman","Minimum Humidity","Diba","Total","%","2011","6"
"Oman","Minimum Humidity","Diba","Total","%","2012","7"
"Oman","Minimum Humidity","Diba","Total","%","2013","8"
"Oman","Minimum Humidity","Diba","Total","%","2014","5"
"Oman","Minimum Humidity","Diba","Total","%","2015","6"
"Oman","Minimum Humidity","Rustaq","Total","%","2010","7"
"Oman","Minimum Humidity","Rustaq","Total","%","2011","6"
"Oman","Minimum Humidity","Rustaq","Total","%","2012","4"
"Oman","Minimum Humidity","Rustaq","Total","%","2013","8"
"Oman","Minimum Humidity","Rustaq","Total","%","2014","7"
"Oman","Minimum Humidity","Rustaq","Total","%","2015","5"
"Oman","Minimum Humidity","Nizwa","Total","%","2010","4"
"Oman","Minimum Humidity","Nizwa","Total","%","2011","4"
"Oman","Minimum Humidity","Nizwa","Total","%","2012","3"
"Oman","Minimum Humidity","Nizwa","Total","%","2013","3"
"Oman","Minimum Humidity","Nizwa","Total","%","2014","4"
"Oman","Minimum Humidity","Nizwa","Total","%","2015","2"
"Oman","Minimum Humidity","Samail","Total","%","2010","8"
"Oman","Minimum Humidity","Samail","Total","%","2011","7"
"Oman","Minimum Humidity","Samail","Total","%","2012","8"
"Oman","Minimum Humidity","Samail","Total","%","2013","7"
"Oman","Minimum Humidity","Samail","Total","%","2014","5"
"Oman","Minimum Humidity","Samail","Total","%","2015","4"
"Oman","Minimum Humidity","Ibri","Total","%","2010","5"
"Oman","Minimum Humidity","Ibri","Total","%","2011","5"
"Oman","Minimum Humidity","Ibri","Total","%","2013","5"
"Oman","Minimum Humidity","Ibri","Total","%","2014","5"
"Oman","Minimum Humidity","Ibri","Total","%","2015","4"
"Oman","Minimum Humidity","Buhla","Total","%","2010","2"
"Oman","Minimum Humidity","Buhla","Total","%","2011","4"
"Oman","Minimum Humidity","Buhla","Total","%","2012","3"
"Oman","Minimum Humidity","Buhla","Total","%","2013","4"
"Oman","Minimum Humidity","Buhla","Total","%","2014","3"
"Oman","Minimum Humidity","Buhla","Total","%","2015","2"
"Oman","Minimum Humidity","Adam","Total","%","2010","4"
"Oman","Minimum Humidity","Adam","Total","%","2011","7"
"Oman","Minimum Humidity","Adam","Total","%","2012","7"
"Oman","Minimum Humidity","Adam","Total","%","2013","3"
"Oman","Minimum Humidity","Adam","Total","%","2014","3"
"Oman","Minimum Humidity","Adam","Total","%","2015","2"
"Oman","Minimum Humidity","Ibra","Total","%","2010","5"
"Oman","Minimum Humidity","Ibra","Total","%","2011","7"
"Oman","Minimum Humidity","Ibra","Total","%","2012","7"
"Oman","Minimum Humidity","Ibra","Total","%","2013","9"
"Oman","Minimum Humidity","Ibra","Total","%","2014","6"
"Oman","Minimum Humidity","Ibra","Total","%","2015","4"
"Oman","Minimum Humidity","JabalShams","Total","%","2010","1"
"Oman","Minimum Humidity","JabalShams","Total","%","2011","1"
"Oman","Minimum Humidity","JabalShams","Total","%","2012","1"
"Oman","Minimum Humidity","JabalShams","Total","%","2013","1"
"Oman","Minimum Humidity","JabalShams","Total","%","2014","1"
"Oman","Minimum Humidity","JabalShams","Total","%","2015","1"
"Oman","Minimum Humidity","Joba","Total","%","2010","6"
"Oman","Minimum Humidity","Joba","Total","%","2011","5"
"Oman","Minimum Humidity","Joba","Total","%","2012","4"
"Oman","Minimum Humidity","Joba","Total","%","2013","5"
"Oman","Minimum Humidity","Joba","Total","%","2014","6"
"Oman","Minimum Humidity","Duqum","Total","%","2010","7"
"Oman","Minimum Humidity","Duqum","Total","%","2011","5"
"Oman","Minimum Humidity","Duqum","Total","%","2012","4"
"Oman","Minimum Humidity","Duqum","Total","%","2013","5"
"Oman","Minimum Humidity","Duqum","Total","%","2014","5"
"Oman","Minimum Humidity","Duqum","Total","%","2015","5"
"Oman","Minimum Humidity","RasAlHaad","Total","%","2010","12"
"Oman","Minimum Humidity","RasAlHaad","Total","%","2011","1"
"Oman","Minimum Humidity","RasAlHaad","Total","%","2012","9"
"Oman","Minimum Humidity","RasAlHaad","Total","%","2013","9"
"Oman","Minimum Humidity","RasAlHaad","Total","%","2014","8"
"Oman","Minimum Humidity","Mina Sultan Qaboos","Total","%","2010","10"
"Oman","Minimum Humidity","Mina Sultan Qaboos","Total","%","2011","7"
"Oman","Minimum Humidity","Mina Sultan Qaboos","Total","%","2012","10"
"Oman","Minimum Humidity","Mina Sultan Qaboos","Total","%","2013","10"
"Oman","Minimum Humidity","Mina Sultan Qaboos","Total","%","2014","9"
"Oman","Minimum Humidity","Mina Sultan Qaboos","Total","%","2015","6"
"Oman","Minimum Humidity","Mina Salalah","Total","%","2010","11"
"Oman","Minimum Humidity","Mina Salalah","Total","%","2011","8"
"Oman","Minimum Humidity","Mina Salalah","Total","%","2012","6"
"Oman","Minimum Humidity","Mina Salalah","Total","%","2013","5"
"Oman","Minimum Humidity","Mina Salalah","Total","%","2014","11"
"Oman","Minimum Humidity","Mina Salalah","Total","%","2015","11"
"Oman","Minimum Humidity","Majis","Total","%","2010","8"
"Oman","Minimum Humidity","Majis","Total","%","2011","7"
"Oman","Minimum Humidity","Majis","Total","%","2012","7"
"Oman","Minimum Humidity","Majis","Total","%","2013","7"
"Oman","Minimum Humidity","Majis","Total","%","2014","6"
"Oman","Minimum Humidity","Qairoon Hairiti","Total","%","2010","2"
"Oman","Minimum Humidity","Qairoon Hairiti","Total","%","2011","9"
"Oman","Minimum Humidity","Qairoon Hairiti","Total","%","2012","5"
"Oman","Minimum Humidity","Qairoon Hairiti","Total","%","2013","5"
"Oman","Minimum Humidity","Qairoon Hairiti","Total","%","2014","7"
"Oman","Minimum Humidity","Qairoon Hairiti","Total","%","2015","5"
"Oman","Average Humidity","Total","Total","%","2010","50"
"Oman","Average Humidity","Total","Total","%","2011","51"
"Oman","Average Humidity","Total","Total","%","2012","50.2"
"Oman","Average Humidity","Total","Total","%","2013","54.3"
"Oman","Average Humidity","Total","Total","%","2014","52.2"
"Oman","Average Humidity","Total","Total","%","2015","48.5"
"Oman","Average Humidity","Total","Total","%","2016","52.6"
"Oman","Average Humidity","Total","Total","%","2017","48.6"
"Oman","Average Humidity","Total","Total","%","2018","47.6"
"Oman","Average Humidity","Total","Total","%","2019","87"
"Oman","Average Humidity","Total","Total","%","2020","71.3"
"Oman","Average Humidity","Total","Summer","%","2010","50"
"Oman","Average Humidity","Total","Summer","%","2011","49"
"Oman","Average Humidity","Total","Summer","%","2012","48.2"
"Oman","Average Humidity","Total","Summer","%","2013","55.1"
"Oman","Average Humidity","Total","Summer","%","2014","50.9"
"Oman","Average Humidity","Total","Summer","%","2015","44.7"
"Oman","Average Humidity","Total","Summer","%","2016","52.3"
"Oman","Average Humidity","Total","Summer","%","2017","45.9"
"Oman","Average Humidity","Total","Summer","%","2018","39.5"
"Oman","Average Humidity","Total","Summer","%","2019","87"
"Oman","Average Humidity","Total","Summer","%","2020","17.3"
"Oman","Average Humidity","Total","Winter","%","2010","50"
"Oman","Average Humidity","Total","Winter","%","2011","53"
"Oman","Average Humidity","Total","Winter","%","2012","51.2"
"Oman","Average Humidity","Total","Winter","%","2013","55.3"
"Oman","Average Humidity","Total","Winter","%","2014","53.4"
"Oman","Average Humidity","Total","Winter","%","2015","52.2"
"Oman","Average Humidity","Total","Winter","%","2016","53.4"
"Oman","Average Humidity","Total","Winter","%","2017","51.4"
"Oman","Average Humidity","Total","Winter","%","2018","45.5"
"Oman","Average Humidity","Total","Winter","%","2019","13"
"Oman","Average Humidity","Total","Winter","%","2020","34.3"
"Oman","Maximum Average Humidity","Total","Total","%","2010","71"
"Oman","Maximum Average Humidity","Total","Total","%","2011","71"
"Oman","Maximum Average Humidity","Total","Total","%","2012","74"
"Oman","Maximum Average Humidity","Total","Total","%","2013","74"
"Oman","Maximum Average Humidity","Total","Total","%","2014","80"
"Oman","Maximum Average Humidity","Total","Total","%","2015","75"
"Oman","Maximum Average Humidity","Total","Total","%","2016","78"
"Oman","Maximum Average Humidity","Total","Total","%","2017","67"
"Oman","Maximum Average Humidity","Total","Total","%","2018","86"
"Oman","Maximum Average Humidity","Total","Total","%","2019","87"
"Oman","Minimum Average Humidity","Total","Total","%","2010","31"
"Oman","Minimum Average Humidity","Total","Total","%","2011","33"
"Oman","Minimum Average Humidity","Total","Total","%","2012","31"
"Oman","Minimum Average Humidity","Total","Total","%","2013","34"
"Oman","Minimum Average Humidity","Total","Total","%","2014","10"
"Oman","Minimum Average Humidity","Total","Total","%","2015","29"
"Oman","Minimum Average Humidity","Total","Total","%","2016","32"
"Oman","Minimum Average Humidity","Total","Total","%","2017","29"
"Oman","Minimum Average Humidity","Total","Total","%","2018","12"
"Oman","Minimum Average Humidity","Total","Total","%","2019","13"
"Oman","Rainfall","Muscat International Airport","Total","M. M","2010","124"
"Oman","Rainfall","Muscat International Airport","Total","M. M","2011","45"
"Oman","Rainfall","Muscat International Airport","Total","M. M","2012","73"
"Oman","Rainfall","Muscat International Airport","Total","M. M","2013","121"
"Oman","Rainfall","Muscat International Airport","Total","M. M","2014","154"
"Oman","Rainfall","Muscat International Airport","Total","M. M","2015","21"
"Oman","Rainfall","Muscat International Airport","Total","M. M","2016","0"
"Oman","Rainfall","Muscat International Airport","Total","M. M","2017","46"
"Oman","Rainfall","Muscat International Airport","Total","M. M","2018","15"
"Oman","Rainfall","Muscat International Airport","Total","M. M","2019","75"
"Oman","Rainfall","Salalah","Total","M. M","2010","32"
"Oman","Rainfall","Salalah","Total","M. M","2011","122"
"Oman","Rainfall","Salalah","Total","M. M","2012","19"
"Oman","Rainfall","Salalah","Total","M. M","2013","80"
"Oman","Rainfall","Salalah","Total","M. M","2014","47"
"Oman","Rainfall","Salalah","Total","M. M","2015","10"
"Oman","Rainfall","Sohar Airport","Total","M. M","2010","29"
"Oman","Rainfall","Sohar Airport","Total","M. M","2012","18"
"Oman","Rainfall","Sohar Airport","Total","M. M","2013","106"
"Oman","Rainfall","Sohar Airport","Total","M. M","2014","114"
"Oman","Rainfall","Sohar Airport","Total","M. M","2015","11"
"Oman","Rainfall","Sohar Airport","Total","M. M","2016","137"
"Oman","Rainfall","Sohar Airport","Total","M. M","2017","149"
"Oman","Rainfall","Sohar Airport","Total","M. M","2018","46"
"Oman","Rainfall","Sohar Airport","Total","M. M","2019","57"
"Oman","Rainfall","Masirah","Total","M. M","2010","199"
"Oman","Rainfall","Masirah","Total","M. M","2011","130"
"Oman","Rainfall","Masirah","Total","M. M","2012","20"
"Oman","Rainfall","Masirah","Total","M. M","2013","62"
"Oman","Rainfall","Masirah","Total","M. M","2014","27"
"Oman","Rainfall","Masirah","Total","M. M","2015","242"
"Oman","Rainfall","Masirah","Total","M. M","2016","7"
"Oman","Rainfall","Masirah","Total","M. M","2017","16"
"Oman","Rainfall","Masirah","Total","M. M","2018","13"
"Oman","Rainfall","Masirah","Total","M. M","2019","59"
"Oman","Rainfall","Sur","Total","M. M","2010","224"
"Oman","Rainfall","Sur","Total","M. M","2011","85"
"Oman","Rainfall","Sur","Total","M. M","2012","67"
"Oman","Rainfall","Sur","Total","M. M","2013","62"
"Oman","Rainfall","Sur","Total","M. M","2014","56"
"Oman","Rainfall","Sur","Total","M. M","2015","108"
"Oman","Rainfall","Sur","Total","M. M","2016","153"
"Oman","Rainfall","Sur","Total","M. M","2017","26"
"Oman","Rainfall","Sur","Total","M. M","2018","11"
"Oman","Rainfall","Sur","Total","M. M","2019","143"
"Oman","Rainfall","Thamrayt","Total","M. M","2010","0.4"
"Oman","Rainfall","Thamrayt","Total","M. M","2011","8"
"Oman","Rainfall","Thamrayt","Total","M. M","2013","30"
"Oman","Rainfall","Thamrayt","Total","M. M","2014","1"
"Oman","Rainfall","Thamrayt","Total","M. M","2015","0"
"Oman","Rainfall","Thamrayt","Total","M. M","2016","0"
"Oman","Rainfall","Thamrayt","Total","M. M","2017","0"
"Oman","Rainfall","Thamrayt","Total","M. M","2018","92"
"Oman","Rainfall","Thamrayt","Total","M. M","2019","1"
"Oman","Rainfall","Khasab Airport","Total","M. M","2010","206"
"Oman","Rainfall","Khasab Airport","Total","M. M","2011","99"
"Oman","Rainfall","Khasab Airport","Total","M. M","2012","142"
"Oman","Rainfall","Khasab Airport","Total","M. M","2013","206"
"Oman","Rainfall","Khasab Airport","Total","M. M","2014","208"
"Oman","Rainfall","Khasab Airport","Total","M. M","2015","89"
"Oman","Rainfall","Khasab Airport","Total","M. M","2016","37"
"Oman","Rainfall","Khasab Airport","Total","M. M","2017","71"
"Oman","Rainfall","Khasab Airport","Total","M. M","2018","64"
"Oman","Rainfall","Khasab Airport","Total","M. M","2019","149"
"Oman","Rainfall","Saiq","Total","M. M","2010","208"
"Oman","Rainfall","Saiq","Total","M. M","2011","242"
"Oman","Rainfall","Saiq","Total","M. M","2012","203"
"Oman","Rainfall","Saiq","Total","M. M","2013","272"
"Oman","Rainfall","Saiq","Total","M. M","2014","205"
"Oman","Rainfall","Saiq","Total","M. M","2015","234"
"Oman","Rainfall","Saiq","Total","M. M","2016","117"
"Oman","Rainfall","Saiq","Total","M. M","2017","264"
"Oman","Rainfall","Saiq","Total","M. M","2018","155"
"Oman","Rainfall","Saiq","Total","M. M","2019","325"
"Oman","Rainfall","Al-Buraymi","Total","M. M","2010","13"
"Oman","Rainfall","Al-Buraymi","Total","M. M","2011","36"
"Oman","Rainfall","Al-Buraymi","Total","M. M","2012","12"
"Oman","Rainfall","Al-Buraymi","Total","M. M","2013","51"
"Oman","Rainfall","Al-Buraymi","Total","M. M","2014","59"
"Oman","Rainfall","Al-Buraymi","Total","M. M","2015","141"
"Oman","Rainfall","Al-Buraymi","Total","M. M","2016","350"
"Oman","Rainfall","Al-Buraymi","Total","M. M","2017","330"
"Oman","Rainfall","Al-Buraymi","Total","M. M","2018","14"
"Oman","Rainfall","Al-Buraymi","Total","M. M","2019","105"
"Oman","Rainfall","Diba","Total","M. M","2010","68"
"Oman","Rainfall","Diba","Total","M. M","2011","48"
"Oman","Rainfall","Diba","Total","M. M","2012","31"
"Oman","Rainfall","Diba","Total","M. M","2013","49"
"Oman","Rainfall","Diba","Total","M. M","2014","93"
"Oman","Rainfall","Diba","Total","M. M","2015","27"
"Oman","Rainfall","Diba","Total","M. M","2016","48"
"Oman","Rainfall","Diba","Total","M. M","2017","71"
"Oman","Rainfall","Diba","Total","M. M","2018","49"
"Oman","Rainfall","Diba","Total","M. M","2019","261"
"Oman","Rainfall","Rustaq","Total","M. M","2010","213"
"Oman","Rainfall","Rustaq","Total","M. M","2011","31"
"Oman","Rainfall","Rustaq","Total","M. M","2012","37"
"Oman","Rainfall","Rustaq","Total","M. M","2013","96"
"Oman","Rainfall","Rustaq","Total","M. M","2014","97"
"Oman","Rainfall","Rustaq","Total","M. M","2015","205"
"Oman","Rainfall","Rustaq","Total","M. M","2016","186"
"Oman","Rainfall","Rustaq","Total","M. M","2017","95"
"Oman","Rainfall","Rustaq","Total","M. M","2018","70"
"Oman","Rainfall","Rustaq","Total","M. M","2019","224"
"Oman","Rainfall","Nizwa","Total","M. M","2010","77"
"Oman","Rainfall","Nizwa","Total","M. M","2011","65"
"Oman","Rainfall","Nizwa","Total","M. M","2012","65"
"Oman","Rainfall","Nizwa","Total","M. M","2013","249"
"Oman","Rainfall","Nizwa","Total","M. M","2014","47"
"Oman","Rainfall","Nizwa","Total","M. M","2015","96"
"Oman","Rainfall","Nizwa","Total","M. M","2016","16"
"Oman","Rainfall","Nizwa","Total","M. M","2017","45"
"Oman","Rainfall","Nizwa","Total","M. M","2018","21"
"Oman","Rainfall","Nizwa","Total","M. M","2019","133"
"Oman","Rainfall","Samail","Total","M. M","2010","161"
"Oman","Rainfall","Samail","Total","M. M","2011","114"
"Oman","Rainfall","Samail","Total","M. M","2012","74"
"Oman","Rainfall","Samail","Total","M. M","2013","160"
"Oman","Rainfall","Samail","Total","M. M","2014","81"
"Oman","Rainfall","Samail","Total","M. M","2015","76"
"Oman","Rainfall","Samail","Total","M. M","2016","150"
"Oman","Rainfall","Samail","Total","M. M","2017","101"
"Oman","Rainfall","Samail","Total","M. M","2018","63"
"Oman","Rainfall","Samail","Total","M. M","2019","135"
"Oman","Rainfall","Ibri","Total","M. M","2010","41"
"Oman","Rainfall","Ibri","Total","M. M","2011","55"
"Oman","Rainfall","Ibri","Total","M. M","2013","238"
"Oman","Rainfall","Ibri","Total","M. M","2014","127"
"Oman","Rainfall","Ibri","Total","M. M","2015","49"
"Oman","Rainfall","Ibri","Total","M. M","2016","112"
"Oman","Rainfall","Ibri","Total","M. M","2017","66"
"Oman","Rainfall","Ibri","Total","M. M","2018","32"
"Oman","Rainfall","Ibri","Total","M. M","2019","203"
"Oman","Rainfall","Buhla","Total","M. M","2010","110"
"Oman","Rainfall","Buhla","Total","M. M","2011","144"
"Oman","Rainfall","Buhla","Total","M. M","2012","112"
"Oman","Rainfall","Buhla","Total","M. M","2013","231"
"Oman","Rainfall","Buhla","Total","M. M","2014","198"
"Oman","Rainfall","Buhla","Total","M. M","2015","163"
"Oman","Rainfall","Buhla","Total","M. M","2016","143"
"Oman","Rainfall","Buhla","Total","M. M","2017","15"
"Oman","Rainfall","Buhla","Total","M. M","2018","24"
"Oman","Rainfall","Buhla","Total","M. M","2019","187"
"Oman","Rainfall","Adam","Total","M. M","2010","38"
"Oman","Rainfall","Adam","Total","M. M","2011","43"
"Oman","Rainfall","Adam","Total","M. M","2012","49"
"Oman","Rainfall","Adam","Total","M. M","2013","811"
"Oman","Rainfall","Adam","Total","M. M","2014","79"
"Oman","Rainfall","Adam","Total","M. M","2015","54"
"Oman","Rainfall","Adam","Total","M. M","2016","0"
"Oman","Rainfall","Adam","Total","M. M","2018","28"
"Oman","Rainfall","Adam","Total","M. M","2019","131"
"Oman","Rainfall","Ibra","Total","M. M","2010","217"
"Oman","Rainfall","Ibra","Total","M. M","2011","233"
"Oman","Rainfall","Ibra","Total","M. M","2012","219"
"Oman","Rainfall","Ibra","Total","M. M","2013","11"
"Oman","Rainfall","Ibra","Total","M. M","2014","295"
"Oman","Rainfall","Ibra","Total","M. M","2015","146"
"Oman","Rainfall","Ibra","Total","M. M","2016","120"
"Oman","Rainfall","Ibra","Total","M. M","2017","86"
"Oman","Rainfall","Ibra","Total","M. M","2018","110"
"Oman","Rainfall","Ibra","Total","M. M","2019","233"
"Oman","Rainfall","JabalShams","Total","M. M","2010","147"
"Oman","Rainfall","JabalShams","Total","M. M","2011","161"
"Oman","Rainfall","JabalShams","Total","M. M","2012","116"
"Oman","Rainfall","JabalShams","Total","M. M","2013","304"
"Oman","Rainfall","JabalShams","Total","M. M","2014","189"
"Oman","Rainfall","JabalShams","Total","M. M","2015","103"
"Oman","Rainfall","JabalShams","Total","M. M","2016","0"
"Oman","Rainfall","JabalShams","Total","M. M","2018","201"
"Oman","Rainfall","JabalShams","Total","M. M","2019","115"
"Oman","Rainfall","Joba","Total","M. M","2010","73"
"Oman","Rainfall","Joba","Total","M. M","2011","118"
"Oman","Rainfall","Joba","Total","M. M","2012","19"
"Oman","Rainfall","Joba","Total","M. M","2013","86"
"Oman","Rainfall","Joba","Total","M. M","2014","42"
"Oman","Rainfall","Joba","Total","M. M","2015","95"
"Oman","Rainfall","Joba","Total","M. M","2016","38"
"Oman","Rainfall","Joba","Total","M. M","2017","50"
"Oman","Rainfall","Joba","Total","M. M","2018","4"
"Oman","Rainfall","Joba","Total","M. M","2019","22"
"Oman","Rainfall","Duqum","Total","M. M","2010","13"
"Oman","Rainfall","Duqum","Total","M. M","2011","120"
"Oman","Rainfall","Duqum","Total","M. M","2012","123"
"Oman","Rainfall","Duqum","Total","M. M","2013","355"
"Oman","Rainfall","Duqum","Total","M. M","2014","0"
"Oman","Rainfall","Duqum","Total","M. M","2015","12"
"Oman","Rainfall","RasAlHaad","Total","M. M","2010","262"
"Oman","Rainfall","RasAlHaad","Total","M. M","2011","103"
"Oman","Rainfall","RasAlHaad","Total","M. M","2012","213"
"Oman","Rainfall","RasAlHaad","Total","M. M","2013","205"
"Oman","Rainfall","RasAlHaad","Total","M. M","2014","71"
"Oman","Rainfall","RasAlHaad","Total","M. M","2015","134"
"Oman","Rainfall","RasAlHaad","Total","M. M","2016","0"
"Oman","Rainfall","RasAlHaad","Total","M. M","2017","13"
"Oman","Rainfall","RasAlHaad","Total","M. M","2018","6"
"Oman","Rainfall","RasAlHaad","Total","M. M","2019","214"
"Oman","Rainfall","Mina Sultan Qaboos","Total","M. M","2010","179"
"Oman","Rainfall","Mina Sultan Qaboos","Total","M. M","2011","68"
"Oman","Rainfall","Mina Sultan Qaboos","Total","M. M","2012","26"
"Oman","Rainfall","Mina Sultan Qaboos","Total","M. M","2013","102"
"Oman","Rainfall","Mina Sultan Qaboos","Total","M. M","2014","65"
"Oman","Rainfall","Mina Sultan Qaboos","Total","M. M","2015","51"
"Oman","Rainfall","Mina Sultan Qaboos","Total","M. M","2016","56"
"Oman","Rainfall","Mina Sultan Qaboos","Total","M. M","2017","19"
"Oman","Rainfall","Mina Sultan Qaboos","Total","M. M","2018","4"
"Oman","Rainfall","Mina Sultan Qaboos","Total","M. M","2019","173"
"Oman","Rainfall","Mina Salalah","Total","M. M","2010","79"
"Oman","Rainfall","Mina Salalah","Total","M. M","2011","190"
"Oman","Rainfall","Mina Salalah","Total","M. M","2012","44"
"Oman","Rainfall","Mina Salalah","Total","M. M","2013","78"
"Oman","Rainfall","Mina Salalah","Total","M. M","2014","74"
"Oman","Rainfall","Mina Salalah","Total","M. M","2015","47"
"Oman","Rainfall","Mina Salalah","Total","M. M","2016","109"
"Oman","Rainfall","Mina Salalah","Total","M. M","2017","54"
"Oman","Rainfall","Mina Salalah","Total","M. M","2018","1366"
"Oman","Rainfall","Mina Salalah","Total","M. M","2019","59"
"Oman","Rainfall","Majis","Total","M. M","2010","26"
"Oman","Rainfall","Majis","Total","M. M","2011","27"
"Oman","Rainfall","Majis","Total","M. M","2012","18"
"Oman","Rainfall","Majis","Total","M. M","2013","106"
"Oman","Rainfall","Majis","Total","M. M","2014","114"
"Oman","Rainfall","Majis","Total","M. M","2015","16"
"Oman","Rainfall","Majis","Total","M. M","2016","86"
"Oman","Rainfall","Majis","Total","M. M","2017","65"
"Oman","Rainfall","Majis","Total","M. M","2018","5"
"Oman","Rainfall","Majis","Total","M. M","2019","85"
"Oman","Rainfall","Qairoon Hairiti","Total","M. M","2010","11"
"Oman","Rainfall","Qairoon Hairiti","Total","M. M","2011","385"
"Oman","Rainfall","Qairoon Hairiti","Total","M. M","2012","102"
"Oman","Rainfall","Qairoon Hairiti","Total","M. M","2013","203"
"Oman","Rainfall","Qairoon Hairiti","Total","M. M","2014","97"
"Oman","Rainfall","Qairoon Hairiti","Total","M. M","2015","89"
"Oman","Rainfall","Qairoon Hairiti","Total","M. M","2016","78"
"Oman","Rainfall","Qairoon Hairiti","Total","M. M","2017","2"
"Oman","Rainfall","Qairoon Hairiti","Total","M. M","2018","511"
"Oman","Rainfall","Qairoon Hairiti","Total","M. M","2019","146"
"Oman","Average Rainfall","Total","Total","M. M","2010","113.9"
"Oman","Average Rainfall","Total","Total","M. M","2011","92.6"
"Oman","Average Rainfall","Total","Total","M. M","2012","75.1"
"Oman","Average Rainfall","Total","Total","M. M","2013","139.2"
"Oman","Average Rainfall","Total","Total","M. M","2014","98"
"Oman","Average Rainfall","Total","Total","M. M","2015","83.7"
"Oman","Average Rainfall","Total","Total","M. M","2016","96.5"
"Oman","Average Rainfall","Total","Total","M. M","2017","74.8"
"Oman","Average Rainfall","Total","Total","M. M","2018","80.7"
"Oman","Average Rainfall","Total","Total","M. M","2019","94.3"
"Oman","Average Rainfall","Total","Total","M. M","2020","103"
"Oman","Average Rainfall","Total","Summer","M. M","2010","85.7"
"Oman","Average Rainfall","Total","Summer","M. M","2011","36.3"
"Oman","Average Rainfall","Total","Summer","M. M","2012","42.5"
"Oman","Average Rainfall","Total","Summer","M. M","2013","126"
"Oman","Average Rainfall","Total","Summer","M. M","2014","44.2"
"Oman","Average Rainfall","Total","Summer","M. M","2015","46.3"
"Oman","Average Rainfall","Total","Summer","M. M","2016","27.2"
"Oman","Average Rainfall","Total","Summer","M. M","2017","25.5"
"Oman","Average Rainfall","Total","Summer","M. M","2018","36.2"
"Oman","Average Rainfall","Total","Summer","M. M","2019","94.3"
"Oman","Average Rainfall","Total","Summer","M. M","2020","103"
"Oman","Average Rainfall","Total","Winter","M. M","2010","35.7"
"Oman","Average Rainfall","Total","Winter","M. M","2011","54.3"
"Oman","Average Rainfall","Total","Winter","M. M","2012","22.2"
"Oman","Average Rainfall","Total","Winter","M. M","2013","42"
"Oman","Average Rainfall","Total","Winter","M. M","2014","53.8"
"Oman","Average Rainfall","Total","Winter","M. M","2015","37.4"
"Oman","Average Rainfall","Total","Winter","M. M","2016","69.4"
"Oman","Average Rainfall","Total","Winter","M. M","2017","49.2"
"Oman","Average Rainfall","Total","Winter","M. M","2018","29.4"
"Oman","Maximum Average Rainfall","Total","Total","M. M","2012","192.6"
"Oman","Maximum Average Rainfall","Total","Total","M. M","2013","4666.9"
"Oman","Maximum Average Rainfall","Total","Total","M. M","2014","999"
"Oman","Maximum Average Rainfall","Total","Total","M. M","2015","2133.2"
"Oman","Maximum Average Rainfall","Total","Total","M. M","2016","14156.4"
"Oman","Minimum Average Rainfall","Total","Total","M. M","2012","2"
"Oman","Minimum Average Rainfall","Total","Total","M. M","2013","6.2"
"Oman","Minimum Average Rainfall","Total","Total","M. M","2014","0.4"
"Oman","Minimum Average Rainfall","Total","Total","M. M","2015","0.6"
"Oman","Minimum Average Rainfall","Total","Total","M. M","2016","0.2"
"Oman","Average wind speed","Total","Total","Knots","2010","6.4"
"Oman","Average wind speed","Total","Total","Knots","2011","6.8"
"Oman","Average wind speed","Total","Total","Knots","2012","7"
"Oman","Average wind speed","Total","Total","Knots","2013","8.3"
"Oman","Average wind speed","Total","Total","Knots","2014","6.8"
"Oman","Average wind speed","Total","Total","Knots","2015","6.6"
"Oman","Average wind speed","Total","Total","Knots","2016","6.8"
"Oman","Average wind speed","Total","Total","Knots","2017","6.65"
"Oman","Average wind speed","Total","Total","Knots","2018","6.3"
"Oman","Maximum Average atmospheric pressure","Total","Total","hPA","2010","1013.4"
"Oman","Maximum Average atmospheric pressure","Total","Total","hPA","2011","1012.8"
"Oman","Maximum Average atmospheric pressure","Total","Total","hPA","2012","1013.2"
"Oman","Maximum Average atmospheric pressure","Total","Total","hPA","2013","1012.9"
"Oman","Maximum Average atmospheric pressure","Total","Total","hPA","2014","1012.9"
"Oman","Maximum Average atmospheric pressure","Total","Total","hPA","2015","1014"
"Oman","Maximum Average atmospheric pressure","Total","Total","hPA","2016","1012.9"
"Oman","Maximum Average atmospheric pressure","Total","Total","hPA","2017","938.8"
"Oman","Maximum Average atmospheric pressure","Total","Total","hPA","2018","958.8"
"Oman","Maximum Average atmospheric pressure","Total","Total","hPA","2019","935.5"
"Oman","Minimum  Average atmospheric pressure","Total","Total","hPA","2010","1009.6"
"Oman","Minimum  Average atmospheric pressure","Total","Total","hPA","2011","1008.9"
"Oman","Minimum  Average atmospheric pressure","Total","Total","hPA","2012","1009.2"
"Oman","Minimum  Average atmospheric pressure","Total","Total","hPA","2013","1008.9"
"Oman","Minimum  Average atmospheric pressure","Total","Total","hPA","2014","1008.5"
"Oman","Minimum  Average atmospheric pressure","Total","Total","hPA","2015","1008.7"
"Oman","Minimum  Average atmospheric pressure","Total","Total","hPA","2016","1008.8"
"Oman","Minimum  Average atmospheric pressure","Total","Total","hPA","2017","926.6"
"Oman","Minimum  Average atmospheric pressure","Total","Total","hPA","2018","946.9"
"Oman","Minimum  Average atmospheric pressure","Total","Total","hPA","2019","920.8"
